"Request_Form#RECORD_LINK_ID#BASE","Tag#RECORD_LINK_ID#REF"
"3829120000001598019","3829120000001569028"
"3829120000001598019","3829120000001569032"
"3829120000001598019","3829120000001569036"
"3829120000001598019","3829120000001569044"
"3829120000001598019","3829120000001589003"
"3829120000001598019","3829120000001589007"
"3829120000001598019","3829120000001589011"
"3829120000001598019","3829120000001589015"
"3829120000001598019","3829120000001589019"
"3829120000001601005","3829120000001569028"
"3829120000001601005","3829120000001569032"
"3829120000001601005","3829120000001569036"
"3829120000001601005","3829120000001569044"
"3829120000001601005","3829120000001589003"
"3829120000001601005","3829120000001589007"
"3829120000001601005","3829120000001589011"
"3829120000001601005","3829120000001589015"
"3829120000001601005","3829120000001589019"
"3829120000001603005","3829120000001589015"
"3829120000001613005","3829120000001569028"
"3829120000001613005","3829120000001569036"
"3829120000001613005","3829120000001589003"
"3829120000001613005","3829120000001589019"
"3829120000001619005","3829120000001589019"
"3829120000001621003","3829120000001569036"
"3829120000001621003","3829120000001569044"
"3829120000001621003","3829120000001589007"
"3829120000001621009","3829120000001569036"
"3829120000001621009","3829120000001569044"
"3829120000001621009","3829120000001589007"
"3829120000001621023","3829120000001569036"
"3829120000001623005","3829120000001569036"
"3829120000001623011","3829120000001569036"
"3829120000001623011","3829120000001589011"
"3829120000001623033","3829120000001569028"
"3829120000001623033","3829120000001569036"
"3829120000001623049","3829120000001569036"
"3829120000001642005","3829120000001569036"
"3829120000001642019","3829120000001569036"
"3829120000001642019","3829120000001569044"
"3829120000001653005","3829120000001589003"
"3829120000001656005","3829120000001569036"
"3829120000001656005","3829120000001569044"
"3829120000001657005","3829120000001569036"
"3829120000001657005","3829120000001569044"
"3829120000001658005","3829120000001569036"
"3829120000001658005","3829120000001569044"
