"Request_Form#RECORD_LINK_ID#BASE","Historical_Site#RECORD_LINK_ID#REF"
"3829120000001598019","3829120000001598025"
"3829120000001601005","3829120000001602005"
"3829120000001603005","3829120000001603011"
"3829120000001619005","3829120000001619011"
"3829120000001621003","3829120000001602005"
"3829120000001621009","3829120000001621015"
"3829120000001621023","3829120000001621031"
"3829120000001623005","3829120000001623017"
"3829120000001623011","3829120000001623025"
"3829120000001623033","3829120000001623039"
"3829120000001623049","3829120000001623055"
"3829120000001642005","3829120000001642011"
"3829120000001642019","3829120000001642025"
"3829120000001653005","3829120000001598025"
"3829120000001656005","3829120000001656011"
"3829120000001657005","3829120000001657011"
"3829120000001658005","3829120000001658011"
