"Request_Form#RECORD_LINK_ID#BASE","User_Type#RECORD_LINK_ID#REF"
"3829120000001598019","3829120000001564003"
"3829120000001598019","3829120000001564007"
"3829120000001598019","3829120000001564011"
"3829120000001598019","3829120000001564015"
"3829120000001598019","3829120000001564019"
"3829120000001598019","3829120000001564023"
"3829120000001601005","3829120000001564003"
"3829120000001601005","3829120000001564007"
"3829120000001601005","3829120000001564011"
"3829120000001601005","3829120000001564015"
"3829120000001601005","3829120000001564019"
"3829120000001601005","3829120000001564023"
"3829120000001603005","3829120000001564003"
"3829120000001603005","3829120000001564007"
"3829120000001603005","3829120000001564011"
"3829120000001603005","3829120000001564015"
"3829120000001603005","3829120000001564019"
"3829120000001603005","3829120000001564023"
"3829120000001613005","3829120000001564003"
"3829120000001613005","3829120000001564007"
"3829120000001613005","3829120000001564011"
"3829120000001613005","3829120000001564015"
"3829120000001613005","3829120000001564019"
"3829120000001613005","3829120000001564023"
"3829120000001619005","3829120000001564003"
"3829120000001619005","3829120000001564007"
"3829120000001619005","3829120000001564011"
"3829120000001619005","3829120000001564015"
"3829120000001619005","3829120000001564019"
"3829120000001619005","3829120000001564023"
"3829120000001621003","3829120000001564003"
"3829120000001621003","3829120000001564007"
"3829120000001621003","3829120000001564011"
"3829120000001621003","3829120000001564015"
"3829120000001621003","3829120000001564019"
"3829120000001621003","3829120000001564023"
"3829120000001621009","3829120000001564003"
"3829120000001621009","3829120000001564007"
"3829120000001621009","3829120000001564011"
"3829120000001621009","3829120000001564015"
"3829120000001621009","3829120000001564019"
"3829120000001621009","3829120000001564023"
"3829120000001621023","3829120000001564003"
"3829120000001621023","3829120000001564007"
"3829120000001621023","3829120000001564011"
"3829120000001621023","3829120000001564015"
"3829120000001621023","3829120000001564019"
"3829120000001621023","3829120000001564023"
"3829120000001623005","3829120000001564003"
"3829120000001623005","3829120000001564007"
"3829120000001623005","3829120000001564011"
"3829120000001623005","3829120000001564015"
"3829120000001623005","3829120000001564019"
"3829120000001623005","3829120000001564023"
"3829120000001623011","3829120000001564003"
"3829120000001623011","3829120000001564007"
"3829120000001623011","3829120000001564011"
"3829120000001623011","3829120000001564015"
"3829120000001623011","3829120000001564019"
"3829120000001623011","3829120000001564023"
"3829120000001623033","3829120000001564003"
"3829120000001623033","3829120000001564007"
"3829120000001623033","3829120000001564011"
"3829120000001623033","3829120000001564015"
"3829120000001623033","3829120000001564019"
"3829120000001623033","3829120000001564023"
"3829120000001623049","3829120000001564003"
"3829120000001623049","3829120000001564007"
"3829120000001623049","3829120000001564011"
"3829120000001623049","3829120000001564015"
"3829120000001623049","3829120000001564019"
"3829120000001623049","3829120000001564023"
"3829120000001642005","3829120000001564003"
"3829120000001642005","3829120000001564007"
"3829120000001642005","3829120000001564011"
"3829120000001642005","3829120000001564015"
"3829120000001642019","3829120000001564003"
"3829120000001642019","3829120000001564007"
"3829120000001642019","3829120000001564011"
"3829120000001642019","3829120000001564015"
"3829120000001642019","3829120000001564019"
"3829120000001642019","3829120000001564023"
"3829120000001653005","3829120000001564003"
"3829120000001653005","3829120000001564007"
"3829120000001653005","3829120000001564011"
"3829120000001653005","3829120000001564015"
"3829120000001653005","3829120000001564019"
"3829120000001653005","3829120000001564023"
"3829120000001656005","3829120000001564003"
"3829120000001656005","3829120000001564007"
"3829120000001656005","3829120000001564011"
"3829120000001656005","3829120000001564015"
"3829120000001656005","3829120000001564019"
"3829120000001656005","3829120000001564023"
"3829120000001657005","3829120000001564003"
"3829120000001657005","3829120000001564007"
"3829120000001657005","3829120000001564011"
"3829120000001657005","3829120000001564015"
"3829120000001657005","3829120000001564019"
"3829120000001657005","3829120000001564023"
"3829120000001658005","3829120000001564003"
"3829120000001658005","3829120000001564007"
"3829120000001658005","3829120000001564011"
"3829120000001658005","3829120000001564015"
"3829120000001658005","3829120000001564019"
"3829120000001658005","3829120000001564023"
